source_path,kind,included,status,sha256
tables/tbl_appA_complete_experiment_matrix.tex,table,True,staged_export_not_certified_by_packaging,fd428ba5a4f3494268731eb3fe336370d2caf18c43603ce60ba9704b43f6d217
tables/tbl_appB_preprocessing_rank_by_configuration.tex,table,True,staged_export_not_certified_by_packaging,26c715b1735eb5dc0c253cdff35401377a77933a18aed1a57da2f7e0a2c3a759
tables/tbl_appB_resolution_edi_summary.tex,table,True,staged_export_not_certified_by_packaging,f905f074961c175648fa04415d7435d52f0e15a9aafa7cffbf734a6db1e6e8a4
tables/tbl_appendix_c_gradcam_examples.tex,table,True,staged_export_not_certified_by_packaging,4cdedff4eeb8e6b51af0e17c81c2ff823ed91a8db90ca42314ac460f5ae73157
tables/tbl_appD_computational_environment.tex,table,True,staged_export_not_certified_by_packaging,e57133c81a4ef56df996a52b7601d4bfb9e6122db2245e593dd89784e3e136a6
tables/tbl_appD_training_configuration.tex,table,False,held_out_conflicting_training_configuration,4d97ea1368de5b38536397854a47459973bcfa725a73a739c4339a07791b8fd6
tables/tbl_appD_preprocessing_methods.tex,table,True,staged_export_not_certified_by_packaging,8e95cdf7c801476f5682eb8ab24d9c635cbbed9382103975767460f6006a4497
tables/tbl_appD_experimental_artifacts.tex,table,True,staged_export_not_certified_by_packaging,8e2e497385df379134fcc8a02617ae906febff743619f5fa87777d5ce4d20d53
tables/tbl_appE_hair_removal_studies.tex,table,True,staged_export_not_certified_by_packaging,31afa95176766de8cb297f3f4b2b47600d4bb56ad6c3f6e1d4955e74295bd79b
figures/fig_appendix_b_edi_distribution_boxplots.png,figure,True,staged_export_not_certified_by_packaging,942daf7047383c67b675942df383f6516264b40871d0fd3a1c2b1424885e5ef9
figures/fig_appendix_b_preprocessing_edi_comparison.png,figure,True,staged_export_not_certified_by_packaging,efd164637900c6ca448c51fc1b83ed354db37a740f54af05489a0ec1f14a2017
figures/fig_appendix_b_resolution_edi_analysis.png,figure,True,staged_export_not_certified_by_packaging,fba50fdc79f9b34e5f7ed5878438b92a8ccfb2bcbddee8066ae2e60d5d1e5e1b
figures/fig_appendix_c_gradcam_baseline.png,figure,False,held_out_gallery_pending_selection_and_map_provenance,e318c1834f3157e90dc8cabeb0acdb8d06c038fbf1115ec05da0764b67980cfb
figures/fig_appendix_c_gradcam_dullrazor.png,figure,False,held_out_gallery_pending_selection_and_map_provenance,72e44bd363509ed27b087ca4e208315d6dbf42cb2781e5a72345e881010fd8bd
figures/fig_appendix_c_gradcam_telea.png,figure,False,held_out_gallery_pending_selection_and_map_provenance,e8bd590c4c07f0d3575678ddebb61699d5ea2745df8f8cf04f0429119d090f92
figures/fig_appendix_c_gradcam_navier_stokes.png,figure,False,held_out_gallery_pending_selection_and_map_provenance,9622d57d3ec4ef01ecb9d1c7d5a92e58412b4f8fecc1136d84a477dc50cde88d
figures/fig_appendix_c_gradcam_hdbmie.png,figure,False,held_out_gallery_pending_selection_and_map_provenance,0ab92f89c0d48050c8bcea2c14b8c855e33ed2dc0d6c78d109a3df7f77bc4ef2
figures/fig_appendix_c_gradcam_diffusion.png,figure,False,held_out_gallery_pending_selection_and_map_provenance,337ee993a61e8bc934a05ba491e66027b26b73acef80559c524a8ba4d1601203
figures/fig_appendix_c_gradcam_fixed_untrained_cnn.png,figure,False,held_out_gallery_pending_selection_and_map_provenance,7fbf8a9f95dbd2a690f28ec66c56ada14f0489c0782963ed43a6c31b8ce9dc78
